serial no,Word,Frequency
0,flight,3142
1,get,1069
2,cancelled,865
3,thanks,841
4,service,755
5,help,693
6,time,627
7,im,615
8,customer,596
9,us,582
10,flights,550
11,hours,528
12,amp,525
13,plane,515
14,hold,502
15,thank,482
16,cant,467
17,still,457
18,one,449
19,please,446
20,need,440
21,would,437
22,delayed,423
23,gate,414
24,flightled,412
25,back,412
26,dont,406
27,call,404
28,bag,389
29,got,389
30,hour,376
31,like,355
32,phone,332
33,late,328
34,today,322
35,guys,313
36,airline,307
37,fly,300
38,waiting,296
39,airport,295
40,know,293
41,trying,280
42,way,279
43,ive,271
44,day,269
45,great,265
46,u,263
47,going,251
48,go,251
49,last,250
50,never,250
51,flying,249
52,wait,249
53,make,246
54,change,245
55,good,244
56,hrs,244
57,minutes,239
58,weather,238
59,delay,236
60,really,236
61,even,231
62,tomorrow,230
63,home,227
64,people,226
65,aa,222
66,told,221
67,check,219
68,new,217
69,take,217
70,seat,216
71,bags,216
72,first,214
73,another,214
74,want,213
75,dm,211
76,agent,209
77,see,208
78,luggage,207
79,united,206
80,travel,204
81,ticket,201
82,ever,197
83,next,196
84,worst,196
85,due,193
86,could,193
87,love,191
88,lost,191
89,work,190
90,email,189
91,someone,188
92,getting,187
93,baggage,185
94,thats,184
95,number,183
96,yes,182
97,two,182
98,days,181
99,flighted,179
100,crew,178
101,min,174
102,well,173
103,right,172
104,much,171
105,experience,171
106,didnt,170
107,ua,168
108,problems,168
109,trip,168
110,online,167
111,sitting,166
112,response,166
113,made,164
114,seats,163
115,let,159
116,best,154
117,wont,153
118,passengers,153
119,long,153
120,staff,149
121,boarding,147
122,sent,147
123,left,146
124,better,145
125,customers,144
126,bad,143
127,already,142
128,doesnt,140
129,times,140
130,book,140
131,booked,139
132,youre,139
133,sure,138
134,jfk,138
135,since,137
136,give,136
137,line,136
138,said,135
139,stuck,135
140,think,132
141,reservation,130
142,ill,130
143,w,130
144,tonight,128
145,connection,127
146,miss,127
147,whats,126
148,find,126
149,morning,126
150,says,126
151,booking,126
152,yet,125
153,refund,124
154,night,122
155,agents,122
156,system,122
157,dfw,122
158,airlines,122
159,pm,122
160,miles,121
161,website,120
162,hotel,119
163,flightr,119
164,fleek,118
165,nothing,118
166,care,118
167,issue,116
168,keep,115
169,tell,115
170,rebooked,115
171,use,115
172,info,113
173,flt,112
174,tried,112
175,fleets,111
176,air,111
177,delays,111
178,called,111
179,done,109
180,ago,108
181,also,107
182,pay,107
183,jetblue,106
184,nice,106
185,anything,106
186,finally,105
187,credit,105
188,free,104
189,put,103
190,class,103
191,hope,102
192,able,101
193,tickets,101
194,mins,101
195,rude,101
196,lax,100
197,follow,100
198,wifi,99
199,missed,99
200,st,99
201,week,99
202,every,98
203,appreciate,97
204,checked,96
205,rebook,95
206,business,94
207,board,93
208,looking,92
209,issues,91
210,phl,91
211,making,90
212,problem,90
213,working,90
214,without,90
215,id,89
216,missing,89
217,awesome,89
218,look,88
219,status,88
220,anyone,88
221,couldnt,87
222,thx,87
223,hr,87
224,come,87
225,terrible,87
226,voucher,86
227,app,86
228,sorry,86
229,via,86
230,say,85
231,available,85
232,isnt,84
233,person,84
234,name,83
235,amazing,82
236,almost,82
237,update,81
238,sfo,81
239,ok,81
240,rep,81
241,leave,81
242,yesterday,81
243,answer,81
244,many,80
245,speak,80
246,always,80
247,understand,80
248,instead,80
249,rt,79
250,claim,79
251,contact,79
252,try,79
253,disappointed,79
254,helpful,78
255,wasnt,78
256,bc,78
257,upgrade,77
258,fail,77
259,extra,77
260,southwest,77
261,least,76
262,site,76
263,planes,76
264,havent,76
265,money,76
266,fix,75
267,year,75
268,supposed,75
269,open,75
270,though,75
271,early,75
272,vegas,74
273,happy,74
274,dca,74
275,hi,73
276,found,73
277,b,73
278,paid,72
279,stop,72
280,stranded,72
281,team,72
282,attendant,72
283,send,72
284,departure,72
285,hung,72
286,pilot,71
287,clt,71
288,horrible,71
289,different,71
290,airways,71
291,earlier,71
292,boston,70
293,ord,70
294,connecting,70
295,start,70
296,something,70
297,job,70
298,employees,70
299,family,69
300,leaving,69
301,destinationdragons,69
302,weeks,69
303,talk,69
304,took,68
305,unacceptable,68
306,seriously,68
307,dallas,68
308,pass,68
309,received,68
310,show,68
311,actually,68
312,full,68
313,needs,67
314,poor,67
315,company,67
316,card,67
317,th,67
318,snow,66
319,food,66
320,might,66
321,everyone,66
322,add,65
323,theres,65
324,old,65
325,denver,65
326,wife,64
327,ridiculous,64
328,chicago,63
329,ur,63
330,enough,63
331,past,63
332,yall,63
333,direct,62
334,calling,62
335,reservations,62
336,ewr,61
337,confirmation,61
338,chance,61
339,tweet,61
340,maybe,61
341,tarmac,61
342,point,60
343,big,60
344,reply,60
345,asked,60
346,san,60
347,far,60
348,bos,60
349,ground,60
350,twitter,60
351,changed,60
352,oh,59
353,policy,59
354,wrong,59
355,fee,59
356,mechanical,59
357,taking,58
358,frustrated,58
359,may,58
360,half,58
361,vacation,57
362,sit,57
363,american,57
364,nyc,56
365,thing,56
366,went,56
367,link,55
368,away,55
369,hey,55
370,little,55
371,desk,55
372,looks,54
373,charge,54
374,twice,54
375,pls,54
376,landed,54
377,offer,54
378,account,54
379,gave,54
380,together,53
381,newark,53
382,charlotte,53
383,destination,53
384,question,53
385,kids,53
386,stay,52
387,awful,52
388,telling,52
389,broken,52
390,runway,52
391,saying,52
392,message,52
393,option,52
394,longer,52
395,using,51
396,hear,51
397,happened,51
398,soon,51
399,car,51
400,around,51
401,reason,51
402,life,50
403,coming,50
404,scheduled,50
405,real,50
406,terminal,50
407,cool,49
408,return,49
409,philly,49
410,thru,49
411,guess,49
412,plus,49
413,three,49
414,dc,49
415,used,49
416,possible,48
417,lot,48
418,sat,48
419,hard,48
420,arrived,47
421,row,47
422,landing,47
423,things,47
424,traveling,47
425,feel,47
426,lol,47
427,lack,47
428,cost,47
429,worse,47
430,standby,47
431,given,47
432,usairways,47
433,else,47
434,wouldnt,47
435,k,46
436,seems,46
437,less,46
438,weve,46
439,request,46
440,minute,46
441,forward,45
442,cannot,45
443,idea,45
444,jet,45
445,youve,45
446,second,44
447,room,44
448,international,44
449,iad,44
450,believe,44
451,cust,44
452,phx,44
453,reflight,44
454,miami,43
455,member,43
456,glad,43
457,houston,43
458,mean,43
459,maintenance,43
460,monday,43
461,fll,43
462,frustrating,43
463,checkin,42
464,calls,42
465,asking,42
466,lga,42
467,everything,42
468,hoping,42
469,theyre,42
470,nd,42
471,quick,42
472,points,42
473,heard,42
474,information,42
475,makes,42
476,arent,42
477,blue,42
478,arrive,42
479,iah,42
480,ask,41
481,end,41
482,attendants,41
483,loyal,41
484,case,41
485,pilots,41
486,unitedairlines,41
487,swa,41
488,place,40
489,joke,40
490,waited,40
491,assistance,39
492,reach,39
493,spent,39
494,options,39
495,boarded,39
496,empty,39
497,checking,39
498,process,39
499,wanted,39
500,error,39
501,busy,39
502,complaint,39
503,years,39
504,run,39
505,friend,38
506,group,38
507,suck,38
508,taken,38
509,expect,38
510,thought,38
511,paying,38
512,moved,38
513,happen,37
514,live,37
515,changes,37
516,entire,37
517,provide,37
518,months,37
519,la,37
520,pretty,37
521,ceo,37
522,flew,37
523,hopefully,37
524,world,37
525,counter,36
526,club,36
527,apology,36
528,sw,36
529,pick,36
530,beyond,36
531,flightlations,36
532,seem,36
533,future,36
534,ready,36
535,guy,35
536,lets,35
537,counting,35
538,city,35
539,deal,35
540,updates,35
541,award,35
542,fault,35
543,whole,35
544,needed,35
545,yeah,35
546,gt,35
547,drive,35
548,leg,35
549,computer,35
550,human,35
551,lose,35
552,high,35
553,holding,34
554,sleep,34
555,allow,34
556,sunday,34
557,offered,34
558,appreciated,34
559,sucks,34
560,helping,34
561,wish,34
562,wow,34
563,c,34
564,automated,34
565,safety,33
566,usair,33
567,shouldnt,33
568,correct,33
569,price,33
570,las,33
571,companion,33
572,communication,33
573,month,33
574,customerservice,33
575,supervisor,33
576,flighting,33
577,easy,33
578,den,33
579,address,32
580,upset,32
581,media,32
582,access,32
583,form,32
584,passenger,32
585,fees,32
586,rather,32
587,situation,32
588,delivered,32
589,date,32
590,inflight,32
591,bring,32
592,flown,32
593,delta,32
594,cabin,31
595,friends,31
596,bought,31
597,tuesday,31
598,tv,31
599,confirmed,31
600,currently,31
601,fine,31
602,orlando,31
603,clothes,31
604,wtf,31
605,gets,31
606,x,31
607,tsa,31
608,nashville,31
609,losing,31
610,helped,30
611,wall,30
612,carry,30
613,set,30
614,either,30
615,treat,30
616,disconnected,30
617,part,30
618,buy,30
619,details,30
620,giving,30
621,came,30
622,top,30
623,several,30
624,must,30
625,gonna,30
626,multiple,30
627,bwi,30
628,yr,30
629,seen,29
630,plans,29
631,apparently,29
632,record,29
633,hate,29
634,probably,29
635,extremely,29
636,super,29
637,cause,29
638,handle,29
639,mco,29
640,happens,29
641,takes,29
642,platinum,28
643,reschedule,28
644,ppl,28
645,cold,28
646,compensation,28
647,switch,28
648,original,28
649,atl,28
650,four,28
651,respond,28
652,water,28
653,changing,28
654,feb,28
655,employee,28
656,space,28
657,charged,27
658,rd,27
659,allowed,27
660,share,27
661,luck,27
662,nope,27
663,luv,27
664,friday,27
665,r,27
666,vouchers,27
667,plan,27
668,explain,27
669,means,27
670,purchase,27
671,shit,27
672,front,27
673,middle,27
674,word,27
675,mileage,27
676,load,26
677,austin,26
678,code,26
679,kudos,26
680,phones,26
681,sending,26
682,services,26
683,shes,26
684,running,26
685,connections,26
686,huge,26
687,true,26
688,birthday,26
689,unfortunately,26
690,support,26
691,relations,26
692,passbook,26
693,anywhere,26
694,weekend,26
695,responding,26
696,priority,26
697,figure,26
698,spoke,26
699,unable,26
700,absolutely,25
701,answering,25
702,schedule,25
703,overnight,25
704,gold,25
705,fl,25
706,crazy,25
707,hasnt,25
708,fact,25
709,afternoon,25
710,storm,25
711,atlanta,25
712,held,25
713,fare,25
714,wonderful,25
715,worth,25
716,goes,25
717,matter,25
718,small,25
719,rescheduled,25
720,course,25
721,despite,25
722,zero,25
723,knew,25
724,following,25
725,lounge,25
726,virgin,25
727,learn,25
728,works,25
729,asap,25
730,totally,25
731,fun,25
732,sad,25
733,treated,25
734,ny,25
735,read,25
736,kind,25
737,gives,25
738,inconvenience,25
739,kept,24
740,winter,24
741,door,24
742,page,24
743,hang,24
744,saturday,24
745,ice,24
746,news,24
747,attitude,24
748,lines,24
749,mobile,24
750,complete,24
751,non,24
752,watch,24
753,completely,24
754,worked,24
755,social,24
756,report,24
757,answers,24
758,members,24
759,connect,24
760,oscars,24
761,shows,23
762,note,23
763,nonstop,23
764,meal,23
765,seating,23
766,folks,23
767,anyway,23
768,spend,23
769,mind,23
770,entertainment,23
771,mine,23
772,gone,23
773,list,23
774,letter,23
775,reps,23
776,saw,23
777,man,23
778,rock,23
779,depart,23
780,complaints,23
781,arrival,23
782,submitted,23
783,flightlation,23
784,drop,23
785,behind,23
786,hello,23
787,cover,23
788,feedback,23
789,fixed,23
790,country,22
791,wo,22
792,showing,22
793,land,22
794,phoenix,22
795,haha,22
796,sense,22
797,hell,22
798,anymore,22
799,knows,22
800,baby,22
801,layover,22
802,confirm,22
803,others,22
804,round,22
805,warm,22
806,aircraft,22
807,rdu,22
808,bumped,22
809,overhead,22
810,excellent,22
811,bna,21
812,office,21
813,n,21
814,neveragain,21
815,win,21
816,lots,21
817,traveler,21
818,plz,21
819,literally,21
820,short,21
821,btw,21
822,friendly,21
823,march,21
824,flyer,21
825,sign,21
826,route,21
827,okay,21
828,kidding,21
829,letting,21
830,avgeek,21
831,area,21
832,offering,21
833,started,21
834,ride,21
835,catch,21
836,worries,20
837,party,20
838,flightd,20
839,control,20
840,move,20
841,tix,20
842,dividend,20
843,followed,20
844,keeps,20
845,usairwaysfail,20
846,useless,20
847,youll,20
848,lady,20
849,dealing,20
850,child,20
851,excited,20
852,damn,20
853,drink,20
854,trouble,20
855,dropped,20
856,however,20
857,advisory,20
858,filed,20
859,gates,20
860,program,20
861,forced,20
862,talked,20
863,svc,20
864,choice,20
865,per,20
866,volume,20
867,receive,19
868,notice,19
869,explanation,19
870,safe,19
871,view,19
872,select,19
873,happening,19
874,caused,19
875,hangs,19
876,street,19
877,tmrw,19
878,post,19
879,ruined,19
880,emails,19
881,daughter,19
882,clear,19
883,close,19
884,mia,19
885,bit,19
886,bank,19
887,frequent,19
888,bs,19
889,regarding,19
890,closed,19
891,keeping,19
892,none,19
893,story,19
894,cs,19
895,total,19
896,assist,19
897,notification,19
898,nightmare,19
899,domestic,19
900,web,19
901,stuff,18
902,headed,18
903,talking,18
904,refunded,18
905,fingers,18
906,hanging,18
907,mom,18
908,arriving,18
909,airports,18
910,appease,18
911,captain,18
912,sort,18
913,definitely,18
914,tho,18
915,conf,18
916,refused,18
917,power,18
918,evening,18
919,tag,18
920,americanairlines,18
921,bother,18
922,screwed,18
923,bus,18
924,funeral,18
925,current,18
926,requested,18
927,pathetic,18
928,flyers,18
929,special,18
930,listening,18
931,center,18
932,f,18
933,updated,18
934,actual,18
935,merger,18
936,failure,18
937,intl,18
938,onto,17
939,seattle,17
940,delivery,17
941,mess,17
942,crossed,17
943,philadelphia,17
944,sold,17
945,enjoy,17
946,tells,17
947,son,17
948,battles,17
949,catering,17
950,deliver,17
951,wasted,17
952,serious,17
953,switched,17
954,airplane,17
955,mistake,17
956,solution,17
957,failed,17
958,lt,17
959,receipt,17
960,handled,17
961,etc,17
962,usually,17
963,turned,17
964,major,17
965,impressed,17
966,resolve,17
967,hes,17
968,order,17
969,south,17
970,loved,17
971,trueblue,17
972,equipment,17
973,final,17
974,absolute,17
975,prices,17
976,travelers,17
977,provided,17
978,god,17
979,added,17
980,cut,17
981,tweeting,17
982,omg,17
983,takeoff,17
984,window,17
985,forgot,17
986,file,17
987,resolved,17
988,husband,17
989,freezing,17
990,concern,16
991,funny,16
992,ohare,16
993,fantastic,16
994,excuse,16
995,charging,16
996,premier,16
997,fucking,16
998,meeting,16
999,choose,16
1000,difference,16
1001,resolution,16
1002,werent,16
1003,unhappy,16
1004,transfer,16
1005,slow,16
1006,internet,16
1007,unbelievable,16
1008,emailed,16
1009,onboard,16
1010,lovely,16
1011,starting,16
1012,single,16
1013,trips,16
1014,picked,16
1015,expected,16
1016,enter,16
1017,unhelpful,16
1018,clearly,16
1019,fares,16
1020,turn,16
1021,personal,16
1022,midnight,16
1023,moving,16
1024,sister,16
1025,upgrades,15
1026,nobody,15
1027,flightling,15
1028,broke,15
1029,alone,15
1030,answered,15
1031,todays,15
1032,disappointing,15
1033,yo,15
1034,sick,15
1035,count,15
1036,yep,15
1037,match,15
1038,waste,15
1039,gotten,15
1040,fuck,15
1041,issued,15
1042,suggestions,15
1043,worry,15
1044,welcome,15
1045,screw,15
1046,uk,15
1047,badservice,15
1048,routes,15
1049,inside,15
1050,coach,15
1051,arrives,15
1052,smh,15
1053,train,15
1054,security,15
1055,act,15
1056,department,15
1057,iphone,15
1058,accommodate,15
1059,emergency,15
1060,congrats,15
1061,forever,15
1062,bday,15
1063,departing,15
1064,questions,15
1065,accept,15
1066,mention,15
1067,compensate,15
1068,mexico,15
1069,representative,15
1070,overbooked,15
1071,standing,15
1072,purchased,15
1073,itinerary,15
1074,acceptable,15
1075,preferred,15
1076,youd,15
1077,except,14
1078,important,14
1079,dollars,14
1080,planned,14
1081,disgusting,14
1082,plenty,14
1083,dragons,14
1084,willing,14
1085,allowing,14
1086,mad,14
1087,based,14
1088,passes,14
1089,expensive,14
1090,angry,14
1091,impossible,14
1092,print,14
1093,fill,14
1094,ugh,14
1095,promised,14
1096,wednesday,14
1097,callback,14
1098,diego,14
1099,h,14
1100,wondering,14
1101,wed,14
1102,outside,14
1103,tracking,14
1104,avail,14
1105,advise,14
1106,death,14
1107,april,14
1108,video,14
1109,policies,14
1110,straight,14
1111,step,14
1112,five,14
1113,auto,14
1114,fair,14
1115,texas,14
1116,conditions,14
1117,ways,14
1118,lie,14
1119,text,14
1120,filled,14
1121,tired,14
1122,courtesy,14
1123,notified,14
1124,e,14
1125,children,14
1126,known,14
1127,touch,14
1128,dept,14
1129,attempt,14
1130,fan,14
1131,cheap,14
1132,hire,14
1133,apologies,14
1134,previous,14
1135,premium,14
1136,pbi,14
1137,avoid,14
1138,rate,14
1139,nc,14
1140,blame,14
1141,level,13
1142,redeem,13
1143,rules,13
1144,remember,13
1145,honor,13
1146,couple,13
1147,adding,13
1148,till,13
1149,damaged,13
1150,badcustomerservice,13
1151,thursday,13
1152,trust,13
1153,cheaper,13
1154,mileageplus,13
1155,truly,13
1156,palm,13
1157,professional,13
1158,exit,13
1159,eventually,13
1160,pdx,13
1161,unprofessional,13
1162,fyi,13
1163,incompetent,13
1164,eat,13
1165,example,13
1166,quickly,13
1167,logan,13
1168,consider,13
1169,exactly,13
1170,pre,13
1171,ahead,13
1172,finding,13
1173,ended,13
1174,economy,13
1175,legroom,13
1176,msg,13
1177,likely,13
1178,favorite,13
1179,slc,13
1180,funds,13
1181,mint,13
1182,become,13
1183,crews,13
1184,america,13
1185,apply,13
1186,promise,13
1187,fa,13
1188,automatically,13
1189,gotta,13
1190,improve,13
1191,frozen,13
1192,florida,13
1193,informed,13
1194,rental,13
1195,especially,13
1196,visit,13
1197,carryon,13
1198,ontime,13
1199,incredibly,13
1200,diff,13
1201,ones,13
1202,patience,13
1203,usa,13
1204,ruining,13
1205,sea,13
1206,continue,13
1207,type,13
1208,play,13
1209,pr,13
1210,figured,13
1211,music,13
1212,wasting,12
1213,messed,12
1214,traffic,12
1215,beautiful,12
1216,global,12
1217,dia,12
1218,imagine,12
1219,photo,12
1220,fight,12
1221,fast,12
1222,hawaii,12
1223,head,12
1224,break,12
1225,flightations,12
1226,tampa,12
1227,rr,12
1228,surprised,12
1229,ty,12
1230,dead,12
1231,juan,12
1232,military,12
1233,patient,12
1234,originally,12
1235,roundtrip,12
1236,london,12
1237,sju,12
1238,item,12
1239,across,12
1240,cc,12
1241,properly,12
1242,dog,12
1243,expired,12
1244,deals,12
1245,pleasant,12
1246,corporate,12
1247,safely,12
1248,event,12
1249,bringing,12
1250,memphis,12
1251,wanna,12
1252,upgraded,12
1253,washington,12
1254,speaking,12
1255,shot,12
1256,clue,12
1257,stewardess,12
1258,prompt,12
1259,perhaps,12
1260,possibly,12
1261,flyfi,12
1262,locator,12
1263,honest,12
1264,sell,12
1265,within,12
1266,ha,12
1267,dmed,12
1268,denied,12
1269,training,12
1270,crap,12
1271,treatment,12
1272,biz,12
1273,sweet,12
1274,carousel,12
1275,leaves,12
1276,game,12
1277,wonder,12
1278,columbus,12
1279,main,12
1280,silver,12
1281,felt,12
1282,dal,12
1283,daily,12
1284,suppose,12
1285,flightation,12
1286,west,12
1287,feels,12
1288,perfect,12
1289,characters,12
1290,tough,12
1291,words,12
1292,cross,11
1293,somewhere,11
1294,deserves,11
1295,additional,11
1296,piece,11
1297,effort,11
1298,chances,11
1299,sna,11
1300,delaying,11
1301,apologize,11
1302,raise,11
1303,hands,11
1304,incompetence,11
1305,incredible,11
1306,faster,11
1307,states,11
1308,tweets,11
1309,bdl,11
1310,pit,11
1311,mdw,11
1312,february,11
1313,systems,11
1314,push,11
1315,yea,11
1316,hot,11
1317,jan,11
1318,double,11
1319,drinks,11
1320,applied,11
1321,snacks,11
1322,bird,11
1323,cancun,11
1324,whos,11
1325,knowing,11
1326,loaded,11
1327,appears,11
1328,easily,11
1329,returned,11
1330,disaster,11
1331,p,11
1332,yyz,11
1333,state,11
1334,school,11
1335,woman,11
1336,rescheduling,11
1337,met,11
1338,elite,11
1339,watched,11
1340,third,11
1341,outlets,11
1342,driving,11
1343,surprise,11
1344,posted,11
1345,infant,11
1346,mke,11
1347,picture,11
1348,engine,11
1349,assigned,11
1350,computers,11
1351,cun,11
1352,providing,11
1353,feet,11
1354,heres,11
1355,public,11
1356,save,11
1357,messages,11
1358,clean,11
1359,refuse,11
1360,cab,11
1361,frm,11
1362,brand,11
1363,items,11
1364,wedding,11
1365,suitcase,11
1366,journal,11
1367,side,11
1368,advance,11
1369,contacting,11
1370,planning,11
1371,relate,11
1372,killing,11
1373,taxi,11
1374,hearing,11
1375,often,11
1376,dulles,11
1377,watching,11
1378,quality,11
1379,numbers,11
1380,amount,11
1381,advantage,11
1382,faa,11
1383,realize,11
1384,chairman,11
1385,passed,10
1386,concerned,10
1387,nearly,10
1388,pissed,10
1389,insane,10
1390,cmh,10
1391,fails,10
1392,exact,10
1393,admirals,10
1394,guarantee,10
1395,sooner,10
1396,sleeping,10
1397,commercial,10
1398,vx,10
1399,near,10
1400,simple,10
1401,difficult,10
1402,house,10
1403,simply,10
1404,drove,10
1405,officially,10
1406,stand,10
1407,deplane,10
1408,lies,10
1409,dmd,10
1410,feature,10
1411,wheelchair,10
1412,pts,10
1413,dad,10
1414,flyingitforward,10
1415,usual,10
1416,promo,10
1417,absurd,10
1418,aus,10
1419,wifes,10
1420,unreal,10
1421,wants,10
1422,comp,10
1423,rocks,10
1424,earn,10
1425,credits,10
1426,confused,10
1427,reroute,10
1428,experienced,10
1429,somehow,10
1430,summer,10
1431,red,10
1432,laguardia,10
1433,management,10
1434,east,10
1435,precheck,10
1436,carrier,10
1437,cities,10
1438,aware,10
1439,claims,10
1440,responded,10
1441,finish,10
1442,alternate,10
1443,stopped,10
1444,crappy,10
1445,respect,10
1446,normal,10
1447,located,10
1448,meant,10
1449,mail,10
1450,thankyou,10
1451,accurate,10
1452,experiences,10
1453,marketing,10
1454,airfare,10
1455,jetway,10
1456,sharing,10
1457,thnx,10
1458,cheers,10
1459,complain,10
1460,stl,10
1461,large,10
1462,coffee,10
1463,contest,10
1464,res,10
1465,york,10
1466,although,10
1467,log,10
1468,laptop,10
1469,brother,10
1470,california,10
1471,hand,10
1472,model,10
1473,sf,10
1474,higher,10
1475,costs,10
1476,lesson,10
1477,shame,10
1478,outstanding,10
1479,okc,10
1480,ticketed,10
1481,connected,10
1482,errors,10
1483,tpa,10
1484,rsw,10
1485,among,10
1486,heart,10
1487,rapid,10
1488,jh,10
1489,buffalo,10
1490,cell,10
1491,rerouted,10
1492,msp,9
1493,forget,9
1494,golf,9
1495,including,9
1496,paris,9
1497,somebody,9
1498,queue,9
1499,according,9
1500,shouldve,9
1501,reasons,9
1502,minor,9
1503,attention,9
1504,otherwise,9
1505,face,9
1506,paper,9
1507,afford,9
1508,comes,9
1509,explained,9
1510,l,9
1511,inbound,9
1512,size,9
1513,reimbursement,9
1514,million,9
1515,transferred,9
1516,announce,9
1517,waive,9
1518,frustration,9
1519,living,9
1520,sounds,9
1521,black,9
1522,unfriendlyskies,9
1523,ass,9
1524,notify,9
1525,wout,9
1526,pax,9
1527,cuz,9
1528,existing,9
1529,pa,9
1530,obviously,9
1531,certificate,9
1532,loyalty,9
1533,degrees,9
1534,consistent,9
1535,cleveland,9
1536,fuel,9
1537,winners,9
1538,nah,9
1539,gear,9
1540,timely,9
1541,ipad,9
1542,screen,9
1543,ball,9
1544,fit,9
1545,spending,9
1546,nothappy,9
1547,cmon,9
1548,fam,9
1549,sun,9
1550,comment,9
1551,sky,9
1552,method,9
1553,travels,9
1554,inconvenient,9
1555,pull,9
1556,directly,9
1557,biggest,9
1558,moment,9
1559,rent,9
1560,english,9
1561,heads,9
1562,til,9
1563,ft,9
1564,payment,9
1565,heading,9
1566,flts,9
1567,expecting,9
1568,hundreds,9
1569,song,9
1570,reward,9
1571,jblu,9
1572,position,9
1573,rooms,9
1574,signed,9
1575,track,9
1576,whose,9
1577,basically,9
1578,weight,9
1579,whether,9
1580,ah,9
1581,outbound,9
1582,handling,9
1583,announcement,9
1584,dinner,9
1585,departs,9
1586,rewards,9
1587,disgusted,9
1588,meals,9
1589,epicfail,9
1590,causing,9
1591,reaching,9
1592,lame,9
1593,balance,9
1594,decision,9
1595,ran,9
1596,easier,9
1597,reimburse,9
1598,seeing,9
1599,ripoff,9
1600,theyve,9
1601,alist,9
1602,va,9
1603,low,9
1604,mr,9
1605,six,9
1606,august,9
1607,lower,9
1608,nasty,9
1609,reimbursed,9
1610,lied,9
1611,aadvantage,9
1612,thinking,9
1613,tech,8
1614,listen,8
1615,partner,8
1616,snowing,8
1617,recent,8
1618,specific,8
1619,skies,8
1620,kp,8
1621,meet,8
1622,disgrace,8
1623,worstairlineever,8
1624,diverted,8
1625,waterbury,8
1626,republican,8
1627,nights,8
1628,sadly,8
1629,legs,8
1630,along,8
1631,doors,8
1632,field,8
1633,limit,8
1634,false,8
1635,chat,8
1636,merge,8
1637,springs,8
1638,midway,8
1639,departed,8
1640,moms,8
1641,mile,8
1642,assignment,8
1643,pulling,8
1644,personnel,8
1645,inspired,8
1646,nj,8
1647,managed,8
1648,profits,8
1649,bunch,8
1650,rest,8
1651,programs,8
1652,considering,8
1653,conference,8
1654,disappointment,8
1655,apple,8
1656,seconds,8
1657,feeling,8
1658,replying,8
1659,aviation,8
1660,immediately,8
1661,ktn,8
1662,boards,8
1663,cares,8
1664,mother,8
1665,poorly,8
1666,alert,8
1667,locate,8
1668,mechanics,8
1669,exec,8
1670,traveled,8
1671,blog,8
1672,badly,8
1673,rows,8
1674,serving,8
1675,parents,8
1676,contacted,8
1677,buf,8
1678,suggest,8
1679,manager,8
1680,wet,8
1681,opportunity,8
1682,article,8
1683,notifications,8
1684,heathrow,8
1685,reminder,8
1686,fb,8
1687,sunny,8
1688,extended,8
1689,thoughts,8
1690,daughters,8
1691,light,8
1692,bet,8
1693,beach,8
1694,medical,8
1695,alliance,8
1696,switching,8
1697,guitar,8
1698,rates,8
1699,prepared,8
1700,whenever,8
1701,learned,8
1702,notcool,8
1703,lauderdale,8
1704,garbage,8
1705,write,8
1706,sjc,8
1707,q,8
1708,portland,8
1709,steps,8
1710,industry,8
1711,hunt,8
1712,express,8
1713,official,8
1714,repair,8
1715,noticed,8
1716,deice,8
1717,lit,8
1718,value,8
1719,pittsburgh,8
1720,towards,8
1721,bullshit,8
1722,selfie,8
1723,stick,8
1724,sincerely,8
1725,comfortable,8
1726,workers,8
1727,annoying,8
1728,cont,8
1729,peanuts,8
1730,david,8
1731,manage,8
1732,revenue,8
1733,yup,8
1734,looked,8
1735,unavailable,8
1736,yrs,8
1737,complimentary,8
1738,shout,8
1739,ac,8
1740,fort,8
1741,carriers,8
1742,initial,8
1743,retrieve,8
1744,mci,8
1745,jb,8
1746,age,8
1747,continues,8
1748,dirty,8
1749,flightly,8
1750,affected,8
1751,begin,8
1752,pvd,8
1753,central,8
1754,showed,8
1755,returning,8
1756,estimated,8
1757,voice,8
1758,shuttle,8
1759,cleaned,8
1760,leading,8
1761,discount,8
1762,announced,8
1763,father,7
1764,alright,7
1765,putting,7
1766,cle,7
1767,suggestion,7
1768,coupon,7
1769,floor,7
1770,miserable,7
1771,ff,7
1772,toddler,7
1773,shown,7
1774,worried,7
1775,accommodations,7
1776,prevent,7
1777,exp,7
1778,membership,7
1779,smooth,7
1780,seated,7
1781,bluemanity,7
1782,luckily,7
1783,girl,7
1784,drunk,7
1785,offers,7
1786,accepting,7
1787,acct,7
1788,reagan,7
1789,theyd,7
1790,history,7
1791,aww,7
1792,ashamed,7
1793,plat,7
1794,jax,7
1795,forcing,7
1796,ba,7
1797,hadnt,7
1798,lhr,7
1799,lauren,7
1800,bins,7
1801,reset,7
1802,ios,7
1803,lufthansa,7
1804,inexcusable,7
1805,walked,7
1806,teach,7
1807,poorservice,7
1808,lucky,7
1809,mark,7
1810,hostage,7
1811,clients,7
1812,jp,7
1813,lap,7
1814,tkt,7
1815,volunteer,7
1816,heat,7
1817,promotion,7
1818,practice,7
1819,reported,7
1820,canned,7
1821,shocked,7
1822,private,7
1823,breakfast,7
1824,surgery,7
1825,departures,7
1826,promises,7
1827,unitedsucks,7
1828,split,7
1829,star,7
1830,tvs,7
1831,grand,7
1832,prior,7
1833,shitty,7
1834,worstcustomerservice,7
1835,consistently,7
1836,truck,7
1837,icy,7
1838,wheres,7
1839,ual,7
1840,apart,7
1841,hates,7
1842,belongings,7
1843,sound,7
1844,itll,7
1845,fleet,7
1846,required,7
1847,separate,7
1848,password,7
1849,hence,7
1850,fraud,7
1851,scavenger,7
1852,john,7
1853,police,7
1854,disconnect,7
1855,strand,7
1856,xx,7
1857,curious,7
1858,served,7
1859,abq,7
1860,eastern,7
1861,listed,7
1862,speed,7
1863,decided,7
1864,coast,7
1865,slept,7
1866,tx,7
1867,unitedfail,7
1868,charges,7
1869,reasonable,7
1870,paperwork,7
1871,rights,7
1872,unless,7
1873,tea,7
1874,placed,7
1875,brought,7
1876,positive,7
1877,bin,7
1878,stress,7
1879,metal,7
1880,embarrassing,7
1881,jacksonville,7
1882,bonus,7
1883,snack,7
1884,stated,7
1885,charleston,7
1886,sight,7
1887,bf,7
1888,throwing,7
1889,turns,7
1890,male,7
1891,advice,7
1892,whatever,7
1893,define,7
1894,toward,7
1895,nexus,7
1896,honeymoon,7
1897,key,7
1898,saving,7
1899,picking,7
1900,handlers,7
1901,actions,7
1902,hassle,7
1903,g,7
1904,eta,7
1905,include,7
1906,responses,7
1907,wouldve,7
1908,causes,7
1909,excuses,7
1910,awards,7
1911,stupid,7
1912,chaos,7
1913,term,7
1914,reserve,7
1915,decent,7
1916,yvr,6
1917,ind,6
1918,shoes,6
1919,ring,6
1920,gross,6
1921,fabulous,6
1922,tight,6
1923,bhm,6
1924,requesting,6
1925,freaking,6
1926,appear,6
1927,agree,6
1928,southwestairlines,6
1929,student,6
1930,solve,6
1931,gas,6
1932,recommend,6
1933,dealt,6
1934,alerts,6
1935,cxl,6
1936,shameful,6
1937,esp,6
1938,continuing,6
1939,backup,6
1940,hook,6
1941,smile,6
1942,included,6
1943,accommodating,6
1944,hilarious,6
1945,guide,6
1946,copy,6
1947,costa,6
1948,rica,6
1949,statement,6
1950,flier,6
1951,treating,6
1952,certain,6
1953,hit,6
1954,kid,6
1955,reserved,6
1956,ca,6
1957,ps,6
1958,anytime,6
1959,scale,6
1960,announcements,6
1961,national,6
1962,blaming,6
1963,tire,6
1964,dropping,6
1965,fucked,6
1966,worthless,6
1967,college,6
1968,transportation,6
1969,local,6
1970,doubt,6
1971,aspen,6
1972,constant,6
1973,commercials,6
1974,huh,6
1975,boyfriend,6
1976,wine,6
1977,eyes,6
1978,common,6
1979,meetings,6
1980,disappoint,6
1981,beer,6
1982,hnl,6
1983,ya,6
1984,procedure,6
1985,crying,6
1986,mon,6
1987,hotels,6
1988,deplaned,6
1989,gift,6
1990,md,6
1991,incident,6
1992,prefer,6
1993,design,6
1994,wheels,6
1995,tues,6
1996,usairwayssucks,6
1997,ahold,6
1998,cart,6
1999,spoken,6
2000,shoutout,6
2001,machine,6
2002,charity,6
2003,aug,6
2004,understood,6
2005,written,6
2006,ey,6
2007,ref,6
2008,yelled,6
2009,stood,6
2010,lbs,6
2011,october,6
2012,abt,6
2013,van,6
2014,fire,6
2015,sarcasm,6
2016,die,6
2017,damage,6
2018,birds,6
2019,deep,6
2020,costumer,6
2021,hpn,6
2022,hiring,6
2023,turning,6
2024,disappeared,6
2025,updating,6
2026,results,6
2027,replacement,6
2028,exchange,6
2029,karen,6
2030,bar,6
2031,join,6
2032,failing,6
2033,success,6
2034,places,6
2035,operating,6
2036,sorted,6
2037,msy,6
2038,bummer,6
2039,puerto,6
2040,jose,6
2041,harder,6
2042,lying,6
2043,em,6
2044,anniversary,6
2045,goodwill,6
2046,zone,6
2047,overall,6
2048,starts,6
2049,uncomfortable,6
2050,manner,6
2051,button,6
2052,raleigh,6
2053,europe,6
2054,flightst,6
2055,mosaic,6
2056,cup,6
2057,lifetime,6
2058,sons,6
2059,ignoring,6
2060,remove,6
2061,mech,6
2062,njb,6
2063,deicing,6
2064,seeks,6
2065,pushed,6
2066,interesting,6
2067,corporation,6
2068,stroller,6
2069,stressful,6
2070,technical,6
2071,yay,6
2072,understandable,6
2073,abysmal,6
2074,passport,6
2075,brutal,6
2076,decide,6
2077,released,6
2078,ctl,6
2079,wth,6
2080,forth,6
2081,extend,6
2082,valid,6
2083,honestly,6
2084,accounts,6
2085,nantucket,6
2086,period,6
2087,girlfriend,6
2088,tweeted,6
2089,document,6
2090,dates,6
2091,evaluate,6
2092,redcarpet,6
2093,availability,6
2094,decisions,6
2095,serve,6
2096,lands,6
2097,furious,6
2098,pic,6
2099,existent,6
2100,stellar,6
2101,review,6
2102,elevate,6
2103,thankfully,6
2104,continued,6
2105,hou,6
2106,interest,6
2107,suicide,6
2108,teens,6
2109,buying,6
2110,ber,6
2111,camera,6
2112,concerns,6
2113,white,6
2114,compassion,6
2115,young,6
2116,nervous,6
2117,idiots,6
2118,dtw,6
2119,baltimore,6
2120,humans,6
2121,saved,6
2122,desperately,6
2123,fired,6
2124,hubby,6
2125,roads,6
2126,earned,6
2127,january,6
2128,epic,6
2129,technically,6
2130,general,6
2131,blah,6
2132,folder,5
2133,pocket,5
2134,jacket,5
2135,chicken,5
2136,advertise,5
2137,progress,5
2138,cake,5
2139,limited,5
2140,attend,5
2141,custserv,5
2142,typical,5
2143,lousy,5
2144,loving,5
2145,memories,5
2146,everyones,5
2147,deserve,5
2148,search,5
2149,circumstances,5
2150,routing,5
2151,driven,5
2152,numerous,5
2153,helps,5
2154,wks,5
2155,oakland,5
2156,insult,5
2157,injury,5
2158,parked,5
2159,designed,5
2160,alot,5
2161,explorer,5
2162,closer,5
2163,livery,5
2164,dollar,5
2165,gain,5
2166,awaiting,5
2167,plastic,5
2168,chair,5
2169,wallet,5
2170,embarrassed,5
2171,purpose,5
2172,officer,5
2173,flyitforward,5
2174,forces,5
2175,csr,5
2176,facebook,5
2177,cvg,5
2178,bug,5
2179,destinations,5
2180,operated,5
2181,horrendous,5
2182,terribly,5
2183,ripped,5
2184,blamed,5
2185,concourse,5
2186,winning,5
2187,hub,5
2188,elsewhere,5
2189,died,5
2190,appropriate,5
2191,orleans,5
2192,enjoyed,5
2193,louis,5
2194,carrying,5
2195,forgetting,5
2196,canadian,5
2197,utah,5
2198,painful,5
2199,location,5
2200,suit,5
2201,getaway,5
2202,rectify,5
2203,loading,5
2204,solved,5
2205,canada,5
2206,tomorrows,5
2207,prob,5
2208,remains,5
2209,bathroom,5
2210,property,5
2211,pricey,5
2212,cabo,5
2213,opened,5
2214,expire,5
2215,generic,5
2216,hurt,5
2217,vs,5
2218,packed,5
2219,sxm,5
2220,marks,5
2221,cranky,5
2222,stinks,5
2223,operation,5
2224,removal,5
2225,cessnas,5
2226,kindness,5
2227,scared,5
2228,greenville,5
2229,noon,5
2230,incentive,5
2231,touchdown,5
2232,shocking,5
2233,troubles,5
2234,discuss,5
2235,bill,5
2236,cards,5
2237,travelling,5
2238,est,5
2239,fastest,5
2240,named,5
2241,pair,5
2242,correctly,5
2243,thankful,5
2244,views,5
2245,december,5
2246,partners,5
2247,visa,5
2248,involved,5
2249,husbands,5
2250,device,5
2251,atlantic,5
2252,printed,5
2253,fliers,5
2254,loss,5
2255,barbados,5
2256,onhold,5
2257,incoming,5
2258,maint,5
2259,cutting,5
2260,alaska,5
2261,poorcustomerservice,5
2262,download,5
2263,louisville,5
2264,penalty,5
2265,texts,5
2266,happily,5
2267,merging,5
2268,trained,5
2269,formal,5
2270,dancing,5
2271,commitment,5
2272,peoples,5
2273,speedy,5
2274,dry,5
2275,brandmance,5
2276,pushing,5
2277,adds,5
2278,detroit,5
2279,discounts,5
2280,catching,5
2281,useful,5
2282,ten,5
2283,necessary,5
2284,indeed,5
2285,responsible,5
2286,reliable,5
2287,quite,5
2288,dream,5
2289,unexpected,5
2290,standard,5
2291,merged,5
2292,atrocious,5
2293,sigh,5
2294,falling,5
2295,performance,5
2296,corp,5
2297,indy,5
2298,gj,5
2299,gf,5
2300,facing,5
2301,aka,5
2302,dumb,5
2303,strong,5
2304,perks,5
2305,exception,5
2306,addressed,5
2307,rule,5
2308,bottles,5
2309,dming,5
2310,theyll,5
2311,receiving,5
2312,jump,5
2313,disconnects,5
2314,green,5
2315,dot,5
2316,pleased,5
2317,movie,5
2318,bothered,5
2319,pjs,5
2320,walk,5
2321,hows,5
2322,realized,5
2323,upcoming,5
2324,similar,5
2325,notes,5
2326,filmcrew,5
2327,names,5
2328,transport,5
2329,customs,5
2330,september,5
2331,boss,5
2332,spread,5
2333,illegal,5
2334,serv,5
2335,brothers,5
2336,fran,5
2337,fall,5
2338,neither,5
2339,antonio,5
2340,proof,5
2341,hartford,5
2342,refuses,5
2343,north,5
2344,breaking,5
2345,pos,5
2346,ric,5
2347,cash,5
2348,shared,5
2349,tablet,5
2350,cuba,5
2351,refunds,5
2352,waiver,5
2353,ensure,5
2354,recording,5
2355,superior,5
2356,regular,5
2357,firstclass,5
2358,wu,5
2359,annoyed,5
2360,grr,5
2361,fresh,5
2362,lmao,5
2363,de,5
2364,writing,5
2365,valuable,5
2366,beats,5
2367,highly,5
2368,heavy,5
2369,approach,5
2370,band,5
2371,kicked,5
2372,whoever,5
2373,feed,5
2374,confirming,5
2375,cali,5
2376,abc,5
2377,capt,5
2378,reminded,5
2379,costing,5
2380,screwing,5
2381,unreliable,5
2382,hungry,5
2383,assaulted,5
2384,logistics,5
2385,journey,5
2386,boy,5
2387,courteous,5
2388,airbus,5
2389,replacing,5
2390,profit,5
2391,repeat,5
2392,lazy,5
2393,omaha,5
2394,grandma,5
2395,toilet,5
2396,executive,5
2397,fortunately,5
2398,lives,5
2399,estimate,5
2400,certainly,5
2401,greatservice,5
2402,tel,5
2403,ton,5
2404,dear,5
2405,result,5
2406,reference,5
2407,appalled,5
2408,ability,5
2409,compensated,5
2410,ticketing,5
2411,agency,5
2412,pulled,5
2413,directed,5
2414,spring,5
2415,uh,5
2416,efficiency,5
2417,enroute,5
2418,shut,5
2419,resched,5
2420,submit,5
2421,humor,5
2422,click,5
2423,birmingham,5
2424,june,5
2425,carseat,5
2426,orf,5
2427,kinda,5
2428,expires,4
2429,streaming,4
2430,bay,4
2431,sale,4
2432,follows,4
2433,clubs,4
2434,legal,4
2435,fans,4
2436,elses,4
2437,notifying,4
2438,nicer,4
2439,duh,4
2440,cx,4
2441,unnecessary,4
2442,google,4
2443,uniteds,4
2444,emailing,4
2445,extreme,4
2446,ignore,4
2447,kc,4
2448,nicely,4
2449,caring,4
2450,unknown,4
2451,release,4
2452,sits,4
2453,flies,4
2454,beat,4
2455,rough,4
2456,failures,4
2457,ogg,4
2458,smiling,4
2459,santa,4
2460,stressed,4
2461,nrt,4
2462,random,4
2463,stat,4
2464,holder,4
2465,provider,4
2466,inform,4
2467,november,4
2468,hitting,4
2469,punta,4
2470,cana,4
2471,considered,4
2472,lisa,4
2473,assult,4
2474,stolen,4
2475,hardworking,4
2476,kphl,4
2477,lostluggage,4
2478,favor,4
2479,scott,4
2480,belt,4
2481,kill,4
2482,holders,4
2483,choosing,4
2484,phil,4
2485,prove,4
2486,richard,4
2487,inappropriate,4
2488,comments,4
2489,map,4
2490,consecutive,4
2491,manchester,4
2492,cleared,4
2493,lead,4
2494,proper,4
2495,winterweather,4
2496,pain,4
2497,chairs,4
2498,albany,4
2499,steal,4
2500,skis,4
2501,glass,4
2502,orig,4
2503,unwilling,4
2504,waits,4
2505,sos,4
2506,delhi,4
2507,oneway,4
2508,plain,4
2509,cue,4
2510,rno,4
2511,develop,4
2512,extension,4
2513,stories,4
2514,box,4
2515,weak,4
2516,shv,4
2517,lunch,4
2518,loosing,4
2519,disorganized,4
2520,eye,4
2521,matters,4
2522,pressure,4
2523,crisis,4
2524,jamaica,4
2525,unfortunate,4
2526,created,4
2527,magic,4
2528,friendlyskies,4
2529,getittogether,4
2530,significant,4
2531,meds,4
2532,chairmans,4
2533,addition,4
2534,china,4
2535,boo,4
2536,software,4
2537,insulting,4
2538,kindle,4
2539,responsive,4
2540,weird,4
2541,accepted,4
2542,screens,4
2543,efforts,4
2544,application,4
2545,messing,4
2546,problemss,4
2547,fc,4
2548,magazine,4
2549,frankfurt,4
2550,donation,4
2551,mentioned,4
2552,sometime,4
2553,sales,4
2554,thomas,4
2555,user,4
2556,wyou,4
2557,heck,4
2558,negotiate,4
2559,deny,4
2560,refundable,4
2561,impact,4
2562,anticipate,4
2563,recently,4
2564,yesterdays,4
2565,safari,4
2566,rented,4
2567,galley,4
2568,reconsider,4
2569,virginamerica,4
2570,corrected,4
2571,hospitality,4
2572,shannon,4
2573,staffed,4
2574,spanish,4
2575,skills,4
2576,entering,4
2577,americanview,4
2578,accidentally,4
2579,scam,4
2580,cats,4
2581,hanger,4
2582,deiced,4
2583,providence,4
2584,boeing,4
2585,tray,4
2586,table,4
2587,operator,4
2588,surely,4
2589,checkout,4
2590,internal,4
2591,oak,4
2592,bestairline,4
2593,network,4
2594,operations,4
2595,vacations,4
2596,subpar,4
2597,spare,4
2598,fav,4
2599,roc,4
2600,neptune,4
2601,pays,4
2602,bucks,4
2603,hardly,4
2604,secure,4
2605,beginning,4
2606,acknowledge,4
2607,touched,4
2608,annual,4
2609,wno,4
2610,ramp,4
2611,remind,4
2612,cr,4
2613,signs,4
2614,stock,4
2615,lowered,4
2616,financial,4
2617,origin,4
2618,locations,4
2619,seemed,4
2620,needing,4
2621,guest,4
2622,pricing,4
2623,maiden,4
2624,fixing,4
2625,kicking,4
2626,recovery,4
2627,v,4
2628,dissatisfied,4
2629,bump,4
2630,holdup,4
2631,content,4
2632,proud,4
2633,mt,4
2634,popular,4
2635,degree,4
2636,bush,4
2637,incorrect,4
2638,behavior,4
2639,sites,4
2640,reading,4
2641,norm,4
2642,credited,4
2643,nonsense,4
2644,wearing,4
2645,crashing,4
2646,wind,4
2647,rico,4
2648,ignored,4
2649,barely,4
2650,gorgeous,4
2651,jeanine,4
2652,survey,4
2653,families,4
2654,jacked,4
2655,loose,4
2656,strangers,4
2657,partnership,4
2658,shortly,4
2659,dime,4
2660,umm,4
2661,meaning,4
2662,film,4
2663,mi,4
2664,psp,4
2665,intentionally,4
2666,spot,4
2667,unfriendly,4
2668,requirement,4
2669,cry,4
2670,overweight,4
2671,customerservicefail,4
2672,pref,4
2673,shall,4
2674,claimed,4
2675,spirit,4
2676,albuquerque,4
2677,philippines,4
2678,belize,4
2679,shopping,4
2680,ladies,4
2681,connector,4
2682,notch,4
2683,communications,4
2684,chi,4
2685,jeff,4
2686,fell,4
2687,foot,4
2688,ep,4
2689,besides,4
2690,tail,4
2691,stt,4
2692,severe,4
2693,fat,4
2694,quiet,4
2695,turbulence,4
2696,partial,4
2697,hits,4
2698,staying,4
2699,assign,4
2700,hopes,4
2701,dl,4
2702,wheel,4
2703,disney,4
2704,opens,4
2705,suggested,4
2706,basic,4
2707,selling,4
2708,equally,4
2709,pwm,4
2710,responds,4
2711,oneworld,4
2712,sympathy,4
2713,relationship,4
2714,threatened,4
2715,interested,4
2716,sched,4
2717,sec,4
2718,highlight,4
2719,awkward,4
2720,unaware,4
2721,gladly,4
2722,loads,4
2723,playing,4
2724,race,4
2725,reserv,4
2726,finest,4
2727,assume,4
2728,chose,4
2729,dozen,4
2730,park,4
2731,pat,4
2732,continually,4
2733,segments,4
2734,destroyed,4
2735,massive,4
2736,played,4
2737,savannah,4
2738,nuts,4
2739,resume,4
2740,cousin,4
2741,attempting,4
2742,letsgo,4
2743,requires,4
2744,confusion,4
2745,guests,4
2746,asleep,4
2747,bottom,4
2748,choices,4
2749,offices,4
2750,indianapolis,4
2751,ideas,4
2752,pet,4
2753,lh,4
2754,pqd,4
2755,zurich,4
2756,loves,4
2757,unused,4
2758,airplanes,4
2759,toilets,4
2760,confusing,4
2761,embossed,4
2762,badges,4
2763,patches,4
2764,accountability,4
2765,approved,4
2766,channels,4
2767,na,4
2768,trapped,4
2769,crackers,4
2770,boise,4
2771,carryons,4
2772,tonite,4
2773,scan,4
2774,road,4
2775,uniform,4
2776,crash,4
2777,wanting,4
2778,honored,4
2779,inadequate,4
2780,wrote,4
2781,communicate,4
2782,en,4
2783,strategy,4
2784,disrespectful,4
2785,fiasco,4
2786,oops,4
2787,ct,4
2788,goal,4
2789,integration,4
2790,pretzels,4
2791,bridge,4
2792,throughout,4
2793,contract,4
2794,dep,4
2795,entirely,4
2796,misplaced,4
2797,flydelta,4
2798,enjoying,4
2799,nolove,4
2800,francisco,4
2801,grateful,4
2802,sydney,4
2803,fra,4
2804,particularly,4
2805,toronto,4
2806,responsibility,4
2807,representatives,4
2808,parking,4
2809,girls,4
2810,dark,4
2811,mths,4
2812,ivr,4
2813,various,4
2814,premiere,4
2815,headphones,4
2816,dms,4
2817,pleasure,4
2818,stole,4
2819,recourse,4
2820,nvr,4
2821,madness,4
2822,yousuck,4
2823,outsource,4
2824,tom,4
2825,disregard,4
2826,rampers,4
2827,haydensteamboat,4
2828,gracias,4
2829,detail,4
2830,dobetter,4
2831,ragandisney,4
2832,dang,4
2833,chrome,4
2834,ski,4
2835,understaffing,4
2836,brilliant,4
2837,impressive,4
2838,harbor,4
2839,cruise,4
2840,nola,4
2841,cheese,4
2842,snowy,4
2843,understanding,4
2844,silly,4
2845,vieques,4
2846,fave,4
2847,inclement,4
2848,lavatory,4
2849,kit,4
2850,benefit,4
2851,operate,4
2852,fully,4
2853,selection,4
2854,thurs,4
2855,jt,4
2856,tone,4
2857,plate,4
2858,disrespect,4
2859,nearby,4
2860,flat,4
2861,functionality,4
2862,greeting,4
2863,dragon,4
2864,australia,4
2865,packages,4
2866,anthony,4
2867,debacle,4
2868,clarification,4
2869,kiosks,4
2870,dying,4
2871,nh,4
2872,aviv,4
2873,incorrectly,4
2874,replace,4
2875,dest,4
2876,heavily,4
2877,cookies,4
2878,mex,4
2879,selected,4
2880,mistakes,4
2881,movies,4
2882,worker,4
2883,fits,4
2884,mood,4
2885,notimpressed,4
2886,hm,4
2887,thenewamerican,4
2888,deplorable,4
2889,opposite,4
2890,accident,4
2891,brandloveaffair,4
2892,license,4
2893,present,4
2894,backs,4
2895,interview,4
2896,headache,4
2897,operational,4
2898,oct,4
2899,confident,4
2900,monitor,4
2901,az,4
2902,nowhere,4
2903,ads,4
2904,exhausted,4
2905,compliment,4
2906,glasses,4
2907,cot,4
2908,dunno,4
2909,transaction,4
2910,haiti,4
2911,sabre,4
2912,cruel,3
2913,unusual,3
2914,ad,3
2915,style,3
2916,otis,3
2917,pnr,3
2918,segment,3
2919,arizona,3
2920,balls,3
2921,tour,3
2922,pack,3
2923,buyer,3
2924,stunning,3
2925,thousand,3
2926,metro,3
2927,fed,3
2928,wknd,3
2929,blank,3
2930,desks,3
2931,ms,3
2932,icing,3
2933,booze,3
2934,runways,3
2935,unrelate,3
2936,sometimes,3
2937,marie,3
2938,understaffed,3
2939,utterly,3
2940,jason,3
2941,books,3
2942,lindsey,3
2943,intercom,3
2944,input,3
2945,noooo,3
2946,indication,3
2947,memory,3
2948,town,3
2949,warning,3
2950,etihad,3
2951,reports,3
2952,hashtag,3
2953,delayscancelled,3
2954,bkk,3
2955,conversation,3
2956,julie,3
2957,andrews,3
2958,interaction,3
2959,tucson,3
2960,lounges,3
2961,provides,3
2962,functioning,3
2963,greetings,3
2964,urgent,3
2965,companies,3
2966,oversold,3
2967,bed,3
2968,layovers,3
2969,claiming,3
2970,overbook,3
2971,assignments,3
2972,inept,3
2973,uncaring,3
2974,piss,3
2975,anamarketers,3
2976,gmail,3
2977,dr,3
2978,accordingly,3
2979,restore,3
2980,glitch,3
2981,exist,3
2982,efficient,3
2983,billions,3
2984,ffl,3
2985,northeast,3
2986,lmfao,3
2987,slightly,3
2988,searching,3
2989,faces,3
2990,deserved,3
2991,repeated,3
2992,island,3
2993,holy,3
2994,hole,3
2995,married,3
2996,register,3
2997,invite,3
2998,fallow,3
2999,health,3
3000,peeps,3
3001,directtv,3
3002,youth,3
3003,mc,3
3004,crowded,3
3005,replies,3
3006,client,3
3007,nbr,3
3008,waa,3
3009,boys,3
3010,robotic,3
3011,bae,3
3012,jetbae,3
3013,opening,3
3014,admit,3
3015,earth,3
3016,srsly,3
3017,cargo,3
3018,notgoodenough,3
3019,cherry,3
3020,personally,3
3021,legitimate,3
3022,dividends,3
3023,cheapflights,3
3024,farecompare,3
3025,disorganization,3
3026,btv,3
3027,registered,3
3028,hopeful,3
3029,regional,3
3030,jets,3
3031,sunset,3
3032,talks,3
3033,stow,3
3034,continental,3
3035,wake,3
3036,describe,3
3037,rushed,3
3038,bagage,3
3039,loc,3
3040,cld,3
3041,jacquie,3
3042,plitt,3
3043,inches,3
3044,recommended,3
3045,fairs,3
3046,caught,3
3047,benefits,3
3048,misleading,3
3049,praying,3
3050,walking,3
3051,issuing,3
3052,carried,3
3053,randomly,3
3054,freq,3
3055,americanair,3
3056,assured,3
3057,temperature,3
3058,aas,3
3059,downgrade,3
3060,overseas,3
3061,congratulations,3
3062,strike,3
3063,guaranteed,3
3064,terms,3
3065,jane,3
3066,drunks,3
3067,attitudes,3
3068,homeless,3
3069,tiny,3
3070,pro,3
3071,stewardesses,3
3072,awe,3
3073,capacity,3
3074,prime,3
3075,men,3
3076,hats,3
3077,cxld,3
3078,replied,3
3079,coworkers,3
3080,wld,3
3081,stops,3
3082,madrid,3
3083,settled,3
3084,birth,3
3085,lynn,3
3086,practices,3
3087,sympathetic,3
3088,frustrations,3
3089,toledo,3
3090,unlike,3
3091,txt,3
3092,severely,3
3093,woof,3
3094,ho,3
3095,upon,3
3096,gee,3
3097,billing,3
3098,dining,3
3099,bloody,3
3100,mary,3
3101,practical,3
3102,soul,3
3103,inch,3
3104,pile,3
3105,sucked,3
3106,ages,3
3107,friendliest,3
3108,bathrooms,3
3109,formally,3
3110,taxiing,3
3111,wd,3
3112,experiencing,3
3113,childs,3
3114,registration,3
3115,taxis,3
3116,perk,3
3117,warnings,3
3118,aw,3
3119,ordered,3
3120,mvp,3
3121,educate,3
3122,atc,3
3123,veers,3
3124,flightaware,3
3125,volumes,3
3126,blowing,3
3127,notmyfault,3
3128,clarify,3
3129,jfklax,3
3130,woohoo,3
3131,refusing,3
3132,nite,3
3133,mastercard,3
3134,promptly,3
3135,bougth,3
3136,innovation,3
3137,create,3
3138,doug,3
3139,parker,3
3140,shares,3
3141,blew,3
3142,stopping,3
3143,xdaily,3
3144,menu,3
3145,concert,3
3146,fr,3
3147,recline,3
3148,secured,3
3149,preboarding,3
3150,border,3
3151,covered,3
3152,inevitable,3
3153,anxious,3
3154,sm,3
3155,opinion,3
3156,allowance,3
3157,glasgow,3
3158,flite,3
3159,proving,3
3160,faithful,3
3161,sexual,3
3162,redeemed,3
3163,digital,3
3164,isis,3
3165,hop,3
3166,carolina,3
3167,anybody,3
3168,students,3
3169,cute,3
3170,inferior,3
3171,awake,3
3172,reminding,3
3173,irresponsible,3
3174,bumping,3
3175,competitor,3
3176,combination,3
3177,oversize,3
3178,guitars,3
3179,crowd,3
3180,performing,3
3181,century,3
3182,path,3
3183,woke,3
3184,gainesville,3
3185,singapore,3
3186,texted,3
3187,vile,3
3188,argentina,3
3189,mercy,3
3190,discrimination,3
3191,regards,3
3192,comfort,3
3193,centers,3
3194,nine,3
3195,precious,3
3196,snowboard,3
3197,italy,3
3198,relatives,3
3199,int,3
3200,delayedcancelled,3
3201,modify,3
3202,refuel,3
3203,announces,3
3204,picks,3
3205,everytime,3
3206,newyork,3
3207,sincere,3
3208,unhappycustomer,3
3209,div,3
3210,throw,3
3211,haul,3
3212,bot,3
3213,hv,3
3214,hangup,3
3215,preboard,3
3216,smisek,3
3217,hide,3
3218,compared,3
3219,spam,3
3220,scanned,3
3221,overflight,3
3222,rudeness,3
3223,blocked,3
3224,pooling,3
3225,winds,3
3226,housing,3
3227,globe,3
3228,remembered,3
3229,midland,3
3230,weatherrelate,3
3231,miracle,3
3232,jetbluerocks,3
3233,dreams,3
3234,thousands,3
3235,hourdelay,3
3236,constantly,3
3237,hosting,3
3238,passing,3
3239,consideration,3
3240,forecast,3
3241,advised,3
3242,downhill,3
3243,chs,3
3244,photography,3
3245,chill,3
3246,warmth,3
3247,cluster,3
3248,redirect,3
3249,stall,3
3250,paulo,3
3251,grace,3
3252,strikes,3
3253,appreciates,3
3254,frontrunner,3
3255,convenient,3
3256,ranked,3
3257,wichita,3
3258,falls,3
3259,blasting,3
3260,starving,3
3261,hoops,3
3262,driver,3
3263,range,3
3264,patiently,3
3265,salt,3
3266,dpt,3
3267,timed,3
3268,xweekly,3
3269,disgraceful,3
3270,nocustomerservice,3
3271,nicest,3
3272,sensitive,3
3273,thatd,3
3274,yuma,3
3275,ph,3
3276,tick,3
3277,immediate,3
3278,version,3
3279,affordable,3
3280,browsers,3
3281,temp,3
3282,faith,3
3283,occurred,3
3284,redirected,3
3285,force,3
3286,shock,3
3287,clever,3
3288,wc,3
3289,worlds,3
3290,heaven,3
3291,rant,3
3292,federal,3
3293,truth,3
3294,crashed,3
3295,ship,3
3296,supposedly,3
3297,sept,3
3298,charter,3
3299,equal,3
3300,lowest,3
3301,physically,3
3302,identical,3
3303,recieved,3
3304,attached,3
3305,deadhead,3
3306,ohio,3
3307,horror,3
3308,con,3
3309,chocolate,3
3310,goingforgreatnessfail,3
3311,someones,3
3312,empathy,3
3313,apt,3
3314,smallest,3
3315,deplaning,3
3316,rip,3
3317,ta,3
3318,pets,3
3319,xday,3
3320,irritated,3
3321,robin,3
3322,replaced,3
3323,principle,3
3324,loses,3
3325,stars,3
3326,xna,3
3327,manch,3
3328,nsw,3
3329,nonexistent,3
3330,calgary,3
3331,chase,3
3332,definition,3
3333,tags,3
3334,telephone,3
3335,cincy,3
3336,rid,3
3337,grounded,3
3338,arrangements,3
3339,terminals,3
3340,noone,3
3341,typo,3
3342,therefore,3
3343,bereavement,3
3344,pictures,3
3345,convo,3
3346,alive,3
3347,nassau,3
3348,linked,3
3349,lord,3
3350,indicates,3
3351,vegan,3
3352,windows,3
3353,catered,3
3354,fear,3
3355,imo,3
3356,manually,3
3357,senseless,3
3358,rocked,3
3359,troubleshoot,3
3360,dozens,3
3361,pressurization,3
3362,earlybird,3
3363,hangar,3
3364,horrid,3
3365,resolving,3
3366,idiot,3
3367,remote,3
3368,basket,3
3369,tears,3
3370,auh,3
3371,ahhhh,3
3372,sunshine,3
3373,gso,3
3374,entered,3
3375,solutions,3
3376,testing,3
3377,neglect,3
3378,assuming,3
3379,strange,3
3380,active,3
3381,jobs,3
3382,soaked,3
3383,cramped,3
3384,craziness,3
3385,understatement,3
3386,becoming,3
3387,woaw,3
3388,lb,3
3389,increased,3
3390,finger,3
3391,vallarta,3
3392,trash,3
3393,aggressive,3
3394,idk,3
3395,transfers,3
3396,owner,3
3397,trusted,3
3398,classy,3
3399,dance,3
3400,slip,3
3401,hooked,3
3402,cll,3
3403,flex,3
3404,beg,3
3405,proactive,3
3406,shoulder,3
3407,greedy,3
3408,action,3
3409,seg,3
3410,approx,3
3411,classes,3
3412,channel,3
3413,arrange,3
3414,maimi,3
3415,butt,3
3416,rcvd,3
3417,mph,3
3418,law,3
3419,alternatives,3
3420,silence,3
3421,christmas,3
3422,backlog,3
3423,tue,3
3424,gesture,3
3425,cae,3
3426,yest,3
3427,amex,3
3428,everywhere,3
3429,hypocrisy,3
3430,tool,3
3431,owe,3
3432,southwestair,3
3433,collect,3
3434,qualify,3
3435,women,3
3436,jvmchat,3
3437,spoiled,3
3438,rudest,3
3439,continuous,3
3440,thanx,3
3441,comm,3
3442,proceed,3
3443,nature,3
3444,logged,3
3445,shipped,3
3446,miler,3
3447,pink,3
3448,discover,3
3449,flightno,3
3450,checkpoint,3
3451,court,3
3452,ase,3
3453,ups,3
3454,reflect,3
3455,breaks,3
3456,login,3
3457,battery,3
3458,aboard,3
3459,execplat,3
3460,arrogant,3
3461,coat,3
3462,gloves,3
3463,finds,3
3464,odds,3
3465,coincidence,3
3466,hundred,3
3467,sop,3
3468,shouldhaveflowndelta,3
3469,deaf,3
3470,ftw,3
3471,scene,3
3472,approve,3
3473,uvf,3
3474,july,3
3475,usairsucks,3
3476,awww,3
3477,appreciation,3
3478,insist,3
3479,adopting,3
3480,organization,3
3481,discovered,3
3482,locals,3
3483,worstairline,3
3484,mtg,3
3485,shaking,3
3486,sentiment,3
3487,easiest,3
3488,recheck,3
3489,require,3
3490,protect,3
3491,specified,3
3492,jetblues,3
3493,wmy,3
3494,guidelines,3
3495,solo,3
3496,ellas,3
3497,forms,3
3498,approaching,3
3499,expenses,3
3500,insulted,3
3501,sc,3
3502,pants,3
3503,diversion,3
3504,refunding,3
3505,paint,3
3506,lights,3
3507,milan,3
3508,aisle,3
3509,investors,3
3510,kiosk,3
3511,yelling,3
3512,series,3
3513,hotline,3
3514,norfolk,3
3515,jj,3
3516,worstunitedflightsever,3
3517,hoped,3
3518,agt,3
3519,assisting,3
3520,sayin,3
3521,roger,3
3522,fucken,3
3523,disabled,3
3524,distribution,3
3525,snowstorm,3
3526,def,3
3527,tab,3
3528,bike,3
3529,kingscollegelondon,3
3530,jailbreak,3
3531,rag,3
3532,malfunction,3
3533,presented,3
3534,fianc,3
3535,regulations,3
3536,quicker,3
3537,ping,3
3538,lighting,3
3539,indicated,3
3540,carpet,3
3541,normally,3
3542,color,3
3543,tonights,3
3544,dial,3
3545,display,3
3546,bruh,3
3547,seven,3
3548,messaged,3
3549,competition,3
3550,evry,3
3551,gsp,3
3552,separately,3
3553,cheated,3
3554,waived,3
3555,expectations,3
3556,consumers,3
3557,gotcha,3
3558,terrific,3
3559,luvswa,3
3560,hrl,3
3561,econ,3
3562,unload,3
3563,apologizes,3
3564,robot,3
3565,flysouthwest,3
3566,conflicting,3
3567,theworst,3
3568,closest,3
3569,musicians,3
3570,procedures,3
3571,pia,3
3572,rain,3
3573,brain,3
3574,gr,3
3575,revs,3
3576,bankrupt,3
3577,former,3
3578,regulation,3
3579,pending,3
3580,payed,3
3581,rn,3
3582,marathon,3
3583,syracuse,3
3584,honolulu,3
3585,mem,3
3586,smoothly,3
3587,expiring,3
3588,taxing,3
3589,letters,3
3590,cho,3
3591,increase,3
3592,closes,3
3593,expense,3
3594,couldve,3
3595,quit,3
3596,enjoyable,3
3597,logo,3
3598,improved,3
3599,cleaning,3
3600,flyunited,3
3601,teams,3
3602,sticking,3
3603,erj,3
3604,scheduling,3
3605,meantime,3
3606,thin,3
3607,desktop,3
3608,pros,3
3609,treats,3
3610,probs,3
3611,data,3
3612,fresno,3
3613,grk,3
3614,promising,3
3615,amsterdam,2
3616,itproblems,2
3617,thparty,2
3618,perspective,2
3619,expressed,2
3620,loop,2
3621,base,2
3622,legally,2
3623,delighted,2
3624,sue,2
3625,defend,2
3626,recognition,2
3627,standards,2
3628,unsafe,2
3629,flow,2
3630,patrick,2
3631,cheer,2
3632,oz,2
3633,ailing,2
3634,alls,2
3635,worstflightever,2
3636,wdelays,2
3637,average,2
3638,companys,2
3639,ow,2
3640,emerald,2
3641,criminal,2
3642,max,2
3643,epicfailunited,2
3644,lemme,2
3645,university,2
3646,dialogue,2
3647,waivers,2
3648,beforeafter,2
3649,previously,2
3650,fllgtsfo,2
3651,groups,2
3652,tremendous,2
3653,darn,2
3654,lined,2
3655,jack,2
3656,imma,2
3657,ap,2
3658,ashley,2
3659,unlikely,2
3660,movement,2
3661,meelan,2
3662,requiring,2
3663,physical,2
3664,spotify,2
3665,suffering,2
3666,beverages,2
3667,divert,2
3668,iowa,2
3669,mostly,2
3670,disinfectant,2
3671,phenomenal,2
3672,pafe,2
3673,spilled,2
3674,priceless,2
3675,srvc,2
3676,harsh,2
3677,filling,2
3678,magically,2
3679,poorplanning,2
3680,elaborate,2
3681,cha,2
3682,robert,2
3683,centricity,2
3684,coordinate,2
3685,vaca,2
3686,trustget,2
3687,forfeited,2
3688,thks,2
3689,tip,2
3690,aadfw,2
3691,gma,2
3692,amso,2
3693,trvlove,2
3694,astounding,2
3695,squared,2
3696,ana,2
3697,dedicated,2
3698,atleast,2
3699,tn,2
3700,altitude,2
3701,drops,2
3702,num,2
3703,measured,2
3704,president,2
3705,upgrading,2
3706,beautifully,2
3707,meanwhile,2
3708,coats,2
3709,plains,2
3710,newly,2
3711,activitiesprevention,2
3712,condomrito,2
3713,familywe,2
3714,ireland,2
3715,reaches,2
3716,math,2
3717,addl,2
3718,wreck,2
3719,grab,2
3720,oma,2
3721,par,2
3722,slide,2
3723,toiletries,2
3724,huston,2
3725,intact,2
3726,precipitation,2
3727,prepares,2
3728,reduce,2
3729,boots,2
3730,combined,2
3731,applying,2
3732,definitive,2
3733,monthly,2
3734,assholes,2
3735,rotten,2
3736,nocareforcustomers,2
3737,breath,2
3738,apologizing,2
3739,anchorage,2
3740,stepped,2
3741,patronizing,2
3742,accused,2
3743,stealing,2
3744,exists,2
3745,disappear,2
3746,disgruntled,2
3747,downgraded,2
3748,bom,2
3749,browser,2
3750,blocking,2
3751,protection,2
3752,diversions,2
3753,gosh,2
3754,inquired,2
3755,minimum,2
3756,bein,2
3757,trace,2
3758,inefficient,2
3759,surly,2
3760,stays,2
3761,recd,2
3762,shots,2
3763,genius,2
3764,mattersits,2
3765,bahamas,2
3766,hidden,2
3767,generated,2
3768,shifts,2
3769,knees,2
3770,blast,2
3771,goodness,2
3772,risk,2
3773,lag,2
3774,infants,2
3775,argued,2
3776,earliest,2
3777,pure,2
3778,arms,2
3779,processes,2
3780,enforcing,2
3781,diapers,2
3782,hve,2
3783,flght,2
3784,dads,2
3785,hep,2
3786,sentinel,2
3787,cincinnati,2
3788,centre,2
3789,transported,2
3790,admiral,2
3791,childish,2
3792,reviewing,2
3793,george,2
3794,intend,2
3795,clown,2
3796,sked,2
3797,flyswa,2
3798,denverairport,2
3799,goodcustomerservice,2
3800,alternative,2
3801,busiest,2
3802,led,2
3803,singing,2
3804,reduced,2
3805,locked,2
3806,clicking,2
3807,buttons,2
3808,forgiven,2
3809,overselling,2
3810,kick,2
3811,inability,2
3812,losers,2
3813,lil,2
3814,amazed,2
3815,collection,2
3816,senior,2
3817,retrain,2
3818,seatac,2
3819,soaking,2
3820,context,2
3821,orl,2
3822,char,2
3823,bwisjd,2
3824,edinburgh,2
3825,born,2
3826,sean,2
3827,retain,2
3828,resolutions,2
3829,inconvience,2
3830,planet,2
3831,store,2
3832,depends,2
3833,craving,2
3834,ward,2
3835,shenanigans,2
3836,pointing,2
3837,z,2
3838,environment,2
3839,likes,2
3840,betsy,2
3841,besty,2
3842,gettin,2
3843,sb,2
3844,reality,2
3845,dare,2
3846,mac,2
3847,ticks,2
3848,wing,2
3849,attended,2
3850,whoa,2
3851,relevant,2
3852,entertaining,2
3853,sav,2
3854,delivering,2
3855,screenshot,2
3856,attentiveness,2
3857,odd,2
3858,emp,2
3859,brazil,2
3860,caller,2
3861,trees,2
3862,logging,2
3863,cycles,2
3864,unspecified,2
3865,averted,2
3866,beers,2
3867,sleet,2
3868,populate,2
3869,bff,2
3870,westchester,2
3871,cushion,2
3872,surf,2
3873,myers,2
3874,dnt,2
3875,sld,2
3876,finals,2
3877,unscheduled,2
3878,memo,2
3879,handler,2
3880,soft,2
3881,sweetheart,2
3882,mcogtcmh,2
3883,urgency,2
3884,focused,2
3885,faves,2
3886,callers,2
3887,alex,2
3888,vibe,2
3889,sciencebehindtheexperience,2
3890,peanut,2
3891,allergy,2
3892,vicky,2
3893,courier,2
3894,bk,2
3895,asia,2
3896,korea,2
3897,camp,2
3898,btr,2
3899,bohol,2
3900,participate,2
3901,differently,2
3902,wheelsup,2
3903,processing,2
3904,reddit,2
3905,refueling,2
3906,gifts,2
3907,explaining,2
3908,calendar,2
3909,whens,2
3910,waivethefee,2
3911,jeokoo,2
3912,neworleans,2
3913,ricoh,2
3914,flexibility,2
3915,wrongfully,2
3916,ignorant,2
3917,overwhelming,2
3918,jetbluebos,2
3919,dcabos,2
3920,bagsno,2
3921,rating,2
3922,vetr,2
3923,inc,2
3924,dakota,2
3925,ear,2
3926,dividendmiles,2
3927,tryin,2
3928,orange,2
3929,county,2
3930,thanked,2
3931,goodenoughmother,2
3932,boooo,2
3933,happier,2
3934,dreamliner,2
3935,bummed,2
3936,username,2
3937,insanity,2
3938,storms,2
3939,reaccommodation,2
3940,janet,2
3941,lock,2
3942,pt,2
3943,stndby,2
3944,ordpvg,2
3945,btwn,2
3946,torture,2
3947,restr,2
3948,diverting,2
3949,tourist,2
3950,proactively,2
3951,wsj,2
3952,nasdaq,2
3953,rhonda,2
3954,lucia,2
3955,flattering,2
3956,smart,2
3957,hugely,2
3958,lay,2
3959,lima,2
3960,horriblecustomerservice,2
3961,blankets,2
3962,amazon,2
3963,plug,2
3964,pitt,2
3965,hs,2
3966,invalid,2
3967,frequentflyer,2
3968,brands,2
3969,creative,2
3970,mouth,2
3971,kci,2
3972,texting,2
3973,despicable,2
3974,xoxo,2
3975,blackhistorymonth,2
3976,singer,2
3977,musician,2
3978,instruments,2
3979,coverage,2
3980,cpap,2
3981,fu,2
3982,geeks,2
3983,grades,2
3984,woulda,2
3985,stepping,2
3986,caned,2
3987,stranding,2
3988,shortage,2
3989,co,2
3990,looong,2
3991,grounds,2
3992,slowest,2
3993,dude,2
3994,leadership,2
3995,swamped,2
3996,bounced,2
3997,custexp,2
3998,jimmy,2
3999,samartzis,2
4000,handing,2
4001,profitability,2
4002,ru,2
4003,planehow,2
4004,market,2
4005,bellagio,2
4006,vinyl,2
4007,gems,2
4008,allergic,2
4009,fake,2
4010,integrate,2
4011,tks,2
4012,insufficient,2
4013,broadway,2
4014,athletes,2
4015,cocktail,2
4016,thrown,2
4017,shanghai,2
4018,pray,2
4019,wk,2
4020,nt,2
4021,restroom,2
4022,sanitizer,2
4023,tryna,2
4024,alt,2
4025,thrilled,2
4026,publicly,2
4027,eu,2
4028,voicemail,2
4029,nm,2
4030,cebu,2
4031,educational,2
4032,pedro,2
4033,dispatch,2
4034,entitled,2
4035,conveyer,2
4036,gents,2
4037,stream,2
4038,receipts,2
4039,signal,2
4040,crewmembers,2
4041,cardholder,2
4042,sync,2
4043,awhile,2
4044,self,2
4045,eps,2
4046,tarmack,2
4047,elm,2
4048,gogo,2
4049,boatstyle,2
4050,swivel,2
4051,dietcoke,2
4052,happyflier,2
4053,mold,2
4054,filthyplane,2
4055,hopeidonotgetsick,2
4056,allows,2
4057,buddy,2
4058,knowledge,2
4059,remain,2
4060,sdf,2
4061,robbed,2
4062,midght,2
4063,iceland,2
4064,capture,2
4065,ops,2
4066,adore,2
4067,inquire,2
4068,elderly,2
4069,bench,2
4070,yummy,2
4071,fella,2
4072,pacific,2
4073,raving,2
4074,glitches,2
4075,prom,2
4076,bourbon,2
4077,savethediagonals,2
4078,trvl,2
4079,bro,2
4080,tul,2
4081,promotions,2
4082,regularly,2
4083,stuckinmemphis,2
4084,texasisclosed,2
4085,sleekmoney,2
4086,nasdaqjblu,2
4087,ruins,2
4088,draft,2
4089,wour,2
4090,joanna,2
4091,processed,2
4092,jumped,2
4093,tisk,2
4094,ouch,2
4095,robocalls,2
4096,acknowledgment,2
4097,detailed,2
4098,sneaky,2
4099,runaround,2
4100,convinced,2
4101,outsourcing,2
4102,legit,2
4103,returns,2
4104,valentine,2
4105,radio,2
4106,nofun,2
4107,recorded,2
4108,subsequent,2
4109,intended,2
4110,satisfaction,2
4111,flowers,2
4112,citizen,2
4113,nerdbird,2
4114,businessfirst,2
4115,tshirt,2
4116,apps,2
4117,pita,2
4118,delicious,2
4119,endless,2
4120,warmer,2
4121,reissued,2
4122,thus,2
4123,msgs,2
4124,fiance,2
4125,bless,2
4126,strongly,2
4127,ordeal,2
4128,carol,2
4129,sooooo,2
4130,staffer,2
4131,outage,2
4132,orbitz,2
4133,daytona,2
4134,badmgmt,2
4135,taylor,2
4136,paypal,2
4137,covering,2
4138,fri,2
4139,triple,2
4140,yow,2
4141,motel,2
4142,sass,2
4143,sudden,2
4144,apr,2
4145,expedient,2
4146,bumper,2
4147,enroll,2
4148,kelly,2
4149,bull,2
4150,panamerican,2
4151,columbia,2
4152,reinstate,2
4153,honoring,2
4154,nvm,2
4155,advising,2
4156,cert,2
4157,costumers,2
4158,nov,2
4159,gray,2
4160,dec,2
4161,comedy,2
4162,incl,2
4163,swapping,2
4164,ont,2
4165,painfully,2
4166,inexperienced,2
4167,chart,2
4168,chnge,2
4169,quote,2
4170,jetbluefail,2
4171,ins,2
4172,tripping,2
4173,deane,2
4174,norma,2
4175,sedholm,2
4176,rearrange,2
4177,eh,2
4178,survive,2
4179,gnv,2
4180,winterstorm,2
4181,heated,2
4182,conversations,2
4183,worstcustomerserviceever,2
4184,direction,2
4185,halfway,2
4186,chief,2
4187,mp,2
4188,atx,2
4189,largest,2
4190,lookin,2
4191,damages,2
4192,rollercoaster,2
4193,bqn,2
4194,satisfactory,2
4195,laws,2
4196,wastedtime,2
4197,stayed,2
4198,spf,2
4199,boat,2
4200,oregon,2
4201,womens,2
4202,barbara,2
4203,swadiversity,2
4204,solid,2
4205,length,2
4206,understands,2
4207,devices,2
4208,doctors,2
4209,memorial,2
4210,guysfor,2
4211,selfies,2
4212,retired,2
4213,difficulties,2
4214,saga,2
4215,nigga,2
4216,committed,2
4217,communicationfail,2
4218,cp,2
4219,mission,2
4220,accomplished,2
4221,unveils,2
4222,intro,2
4223,rubber,2
4224,concept,2
4225,fligt,2
4226,thanku,2
4227,trick,2
4228,navy,2
4229,sisters,2
4230,warehouse,2
4231,beating,2
4232,project,2
4233,duped,2
4234,recovered,2
4235,downtown,2
4236,smoothest,2
4237,vacay,2
4238,occupied,2
4239,weighs,2
4240,bestairlineever,2
4241,volunteers,2
4242,refrain,2
4243,negative,2
4244,hotspot,2
4245,rolling,2
4246,crated,2
4247,wouldbe,2
4248,test,2
4249,yesso,2
4250,hawaiian,2
4251,nxt,2
4252,frequency,2
4253,oil,2
4254,hayes,2
4255,css,2
4256,equip,2
4257,forgotten,2
4258,dumped,2
4259,unsure,2
4260,obscene,2
4261,geg,2
4262,overheating,2
4263,transferable,2
4264,rectified,2
4265,stunned,2
4266,cos,2
4267,internationally,2
4268,sittin,2
4269,historical,2
4270,waitlisted,2
4271,perfectly,2
4272,carrie,2
4273,conveniently,2
4274,srq,2
4275,amazingly,2
4276,flighttold,2
4277,eco,2
4278,condescending,2
4279,platitudes,2
4280,possibility,2
4281,packing,2
4282,answerthephone,2
4283,placing,2
4284,cream,2
4285,arkansas,2
4286,boycott,2
4287,stations,2
4288,uncalled,2
4289,moon,2
4290,stairs,2
4291,standbye,2
4292,potential,2
4293,mailing,2
4294,seatback,2
4295,entertain,2
4296,oscar,2
4297,android,2
4298,qantas,2
4299,challenges,2
4300,addtl,2
4301,appalling,2
4302,abroad,2
4303,puppy,2
4304,tyr,2
4305,ordywg,2
4306,shades,2
4307,wayi,2
4308,soooo,2
4309,mid,2
4310,represent,2
4311,league,2
4312,kewl,2
4313,oaaret,2
4314,prioritize,2
4315,closing,2
4316,decency,2
4317,laxiad,2
4318,learning,2
4319,asset,2
4320,mitchell,2
4321,choppiest,2
4322,whiplash,2
4323,americanairlinesfail,2
4324,iwantmymoneyback,2
4325,development,2
4326,registers,2
4327,pulse,2
4328,humour,2
4329,convince,2
4330,filmjobnoequipment,2
4331,el,2
4332,paso,2
4333,connects,2
4334,irrops,2
4335,delight,2
4336,flightua,2
4337,expanding,2
4338,armrest,2
4339,mix,2
4340,reputation,2
4341,jetblueblues,2
4342,community,2
4343,storage,2
4344,consistency,2
4345,citing,2
4346,affecting,2
4347,delayedconnection,2
4348,comfortably,2
4349,destinationdragon,2
4350,hat,2
4351,locating,2
4352,mammoth,2
4353,troubling,2
4354,skip,2
4355,shrug,2
4356,unsympathetic,2
4357,lacked,2
4358,emv,2
4359,joking,2
4360,stranger,2
4361,loud,2
4362,flexible,2
4363,intent,2
4364,envoy,2
4365,displeased,2
4366,baggages,2
4367,predicted,2
4368,unaccompanied,2
4369,oversized,2
4370,betting,2
4371,requests,2
4372,servicefail,2
4373,gent,2
4374,liars,2
4375,athlete,2
4376,individual,2
4377,privileges,2
4378,perform,2
4379,guessing,2
4380,wide,2
4381,enterprise,2
4382,obnoxious,2
4383,bgr,2
4384,followers,2
4385,welldone,2
4386,prize,2
4387,combine,2
4388,beauty,2
4389,herman,2
4390,frank,2
4391,dublin,2
4392,jam,2
4393,inconvenienced,2
4394,tb,2
4395,tim,2
4396,joined,2
4397,professionals,2
4398,avis,2
4399,nothin,2
4400,bout,2
4401,flaw,2
4402,wasteoftime,2
4403,debit,2
4404,secret,2
4405,handed,2
4406,slowly,2
4407,unnecessarily,2
4408,holds,2
4409,andor,2
4410,priorities,2
4411,cb,2
4412,redeye,2
4413,ottawa,2
4414,cnn,2
4415,nbc,2
4416,explore,2
4417,ongoing,2
4418,unusable,2
4419,obvious,2
4420,recruiting,2
4421,postpone,2
4422,grandfather,2
4423,foolish,2
4424,crashes,2
4425,solving,2
4426,hdn,2
4427,overflowed,2
4428,inaccurate,2
4429,gary,2
4430,painless,2
4431,queues,2
4432,standbys,2
4433,spots,2
4434,headaches,2
4435,neighbors,2
4436,smoking,2
4437,qualifies,2
4438,giant,2
4439,beware,2
4440,marshaled,2
4441,sanitized,2
4442,block,2
4443,argument,2
4444,competitors,2
4445,papers,2
4446,affect,2
4447,okyou,2
4448,unloaded,2
4449,sally,2
4450,slapintheface,2
4451,logic,2
4452,searched,2
4453,saver,2
4454,spelled,2
4455,plot,2
4456,sys,2
4457,paste,2
4458,sacramento,2
4459,minneapolis,2
4460,resulted,2
4461,brushing,2
4462,mentions,2
4463,hero,2
4464,chkd,2
4465,difficulty,2
4466,mouse,2
4467,portion,2
4468,intelligent,2
4469,mechanic,2
4470,codeshare,2
4471,prepare,2
4472,exceptional,2
4473,trading,2
4474,cloud,2
4475,encountered,2
4476,fas,2
4477,nonprofit,2
4478,speeds,2
4479,pointless,2
4480,cots,2
4481,laugh,2
4482,frigid,2
4483,wudda,2
4484,communicated,2
4485,wcustomer,2
4486,droped,2
4487,disability,2
4488,frontier,2
4489,youi,2
4490,downgrading,2
4491,violation,2
4492,kul,2
4493,tammy,2
4494,tagged,2
4495,isp,2
4496,season,2
4497,maui,2
4498,publicity,2
4499,gunna,2
4500,sir,2
4501,fourth,2
4502,baggagelost,2
4503,likelihood,2
4504,transf,2
4505,ramada,2
4506,gal,2
4507,sandwich,2
4508,rachel,2
4509,accts,2
4510,hurry,2
4511,breach,2
4512,horriblewent,2
4513,buttonthatcalled,2
4514,ampwait,2
4515,minsampput,2
4516,calledampit,2
4517,hungupnohelp,2
4518,mothers,2
4519,clicked,2
4520,measure,2
4521,xt,2
4522,faus,2
4523,laughing,2
4524,blames,2
4525,jetbluesofly,2
4526,appointments,2
4527,sfolax,2
4528,relaxing,2
4529,complicated,2
4530,duffle,2
4531,comms,2
4532,deck,2
4533,websites,2
4534,unorganized,2
4535,marked,2
4536,graduate,2
4537,humiliating,2
4538,tfw,2
4539,maria,2
4540,beanie,2
4541,remorse,2
4542,grown,2
4543,injured,2
4544,greatest,2
4545,staring,2
4546,rescue,2
4547,millions,2
4548,plague,2
4549,hii,2
4550,wht,2
4551,goto,2
4552,setup,2
4553,television,2
4554,ruth,2
4555,rerouting,2
4556,irritating,2
4557,verbal,2
4558,uncool,2
4559,montego,2
4560,tailwind,2
4561,aaba,2
4562,txfd,2
4563,recap,2
4564,fueled,2
4565,strip,2
4566,modifications,2
4567,bots,2
4568,reverse,2
4569,grievance,2
4570,versus,2
4571,quoted,2
4572,spelling,2
4573,gng,2
4574,wat,2
4575,bound,2
4576,woo,2
4577,contents,2
4578,checks,2
4579,savings,2
4580,flipped,2
4581,clouds,2
4582,comped,2
4583,foreign,2
4584,reminds,2
4585,jfkgtsfo,2
4586,ruin,2
4587,unitedairlinessucks,2
4588,invest,2
4589,waitin,2
4590,yards,2
4591,nitrogen,2
4592,malfunctioning,2
4593,opal,2
4594,ali,2
4595,woven,2
4596,murdering,2
4597,tock,2
4598,lovesongfriday,2
4599,acquisition,2
4600,transatlantic,2
4601,lodging,2
4602,naming,2
4603,specials,2
4604,dramatically,2
4605,tips,2
4606,argue,2
4607,justsaying,2
4608,checkins,2
4609,neglected,2
4610,captive,2
4611,painted,2
4612,blumanity,2
4613,hrmin,2
4614,outrageous,2
4615,rarely,2
4616,au,2
4617,roberto,2
4618,systemwide,2
4619,preventing,2
4620,shortcomings,2
4621,resoled,2
4622,weary,2
4623,jealous,2
4624,ons,2
4625,sjo,2
4626,capital,2
4627,onholdwith,2
4628,scratching,2
4629,bold,2
4630,huntsville,2
4631,pig,2
4632,clearing,2
4633,hopeless,2
4634,submitting,2
4635,wave,2
4636,army,2
4637,aal,2
4638,roadwarrior,2
4639,lovejetblue,2
4640,motto,2
4641,staffing,2
4642,momma,2
4643,sanfrancisco,2
4644,renting,2
4645,abused,2
4646,reads,2
4647,disruptions,2
4648,ends,2
4649,removed,2
4650,culture,2
4651,blown,2
4652,serves,2
4653,remedy,2
4654,wandered,2
4655,condition,2
4656,rage,2
4657,labor,2
4658,challenging,2
4659,fron,2
4660,vineyard,2
4661,terribleservice,2
4662,raising,2
4663,buddies,2
4664,derrick,2
4665,bussey,2
4666,stone,2
4667,mht,2
4668,amateur,2
4669,nephew,2
4670,whammie,2
4671,reinstated,2
4672,videos,2
4673,education,2
4674,sunglasses,2
4675,communicating,2
4676,vital,2
4677,siting,2
4678,visible,2
4679,earning,2
4680,wkrb,2
4681,blatant,2
4682,abilities,2
4683,exposed,2
4684,informative,2
4685,lan,2
4686,mn,2
4687,bandwidth,2
4688,travellers,2
4689,lake,2
4690,enquires,2
4691,competent,2
4692,arrivals,2
4693,flightedflight,2
4694,yvonne,2
4695,port,2
4696,handy,2
4697,pleaseeee,2
4698,confirmations,2
4699,controllers,2
4700,refer,2
4701,panic,2
4702,curiosity,2
4703,arranged,2
4704,prince,2
4705,prolonged,2
4706,prds,2
4707,austrian,2
4708,faulty,2
4709,exclusively,2
4710,scattered,2
4711,prem,2
4712,ann,2
4713,skytrax,2
4714,pst,2
4715,digging,2
4716,closepwcs,2
4717,alcohol,2
4718,goodbye,2
4719,purely,2
4720,reactions,2
4721,adult,2
4722,safetyfirst,2
4723,chaotic,2
4724,inefficiency,2
4725,misinformation,2
4726,usaa,2
4727,luggages,2
4728,reno,2
4729,eb,2
4730,menus,2
4731,livid,2
4732,nicedismissive,2
4733,linking,2
4734,established,2
4735,doo,2
4736,sand,2
4737,royally,2
4738,jaclax,2
4739,terry,2
4740,inspected,2
4741,patterns,2
4742,babies,2
4743,cried,2
4744,forgive,2
4745,firstworldproblems,2
4746,crewmember,2
4747,explanations,2
4748,denphx,2
4749,al,2
4750,planets,2
4751,counters,2
4752,station,2
4753,relayed,2
4754,gfc,2
4755,projects,2
4756,fustrated,2
4757,capable,2
4758,cared,2
4759,expedia,2
4760,bounce,2
4761,tuned,2
4762,biggie,2
4763,realistic,2
4764,reclining,2
4765,afraid,2
4766,readers,2
4767,amongst,2
4768,ramps,2
4769,beneficial,2
4770,afterall,2
4771,bgm,2
4772,rivets,2
4773,weekends,2
4774,steel,2
4775,appeared,2
4776,err,2
4777,vm,2
4778,rings,2
4779,newburgh,2
4780,gluten,2
4781,improvement,2
4782,unpleasant,2
4783,compliant,2
4784,shld,2
4785,films,2
4786,phlmia,2
4787,winner,2
4788,deedee,2
4789,jerk,2
4790,chg,2
4791,sees,2
4792,oy,2
4793,improvements,2
4794,dialup,2
4795,batting,2
4796,fwiw,2
4797,spagnuolo,2
4798,coached,2
4799,rams,2
4800,enuf,2
4801,stoked,2
4802,pregnant,2
4803,complained,2
4804,jackson,2
4805,pen,2
4806,involve,2
4807,lists,2
4808,preference,2
4809,thirty,2
4810,protected,2
4811,ethiopia,2
4812,runs,2
4813,umosaicmecrazy,2
4814,selfservice,2
4815,noted,2
4816,photos,2
4817,escape,2
4818,deleted,2
4819,verify,2
4820,pin,2
4821,danger,2
4822,awesomeness,2
4823,birthdate,2
4824,transit,2
4825,maysep,2
4826,clarifying,2
4827,pieces,2
4828,bottle,2
4829,ondemand,2
4830,ploughs,2
4831,lone,2
4832,furrow,2
4833,middleeast,2
4834,relationships,2
4835,values,2
4836,shed,2
4837,rockstar,2
4838,clockwork,2
4839,des,2
4840,moines,2
4841,prepurchase,2
4842,gaga,2
4843,meh,2
4844,somewhat,2
4845,nexttimeiwillflysouthwest,2
4846,compare,2
4847,ignores,2
4848,folk,2
4849,kim,2
4850,jumping,2
4851,gun,2
4852,sfofll,2
4853,loaner,2
4854,scheme,2
4855,tcf,2
4856,chk,2
4857,larger,2
4858,amateurish,2
4859,voided,2
4860,preflight,2
4861,sheesh,2
4862,phi,2
4863,hsv,2
4864,instructed,2
4865,includes,2
4866,brian,2
4867,decline,2
4868,hmmm,2
4869,horse,2
4870,wins,2
4871,vice,2
4872,kate,2
4873,servicing,2
4874,goin,2
4875,laxgtjfk,2
4876,luxurious,2
4877,needcoffee,2
4878,pn,2
4879,deflator,2
4880,chapter,2
4881,amm,2
4882,represents,2
4883,clarence,2
4884,tweeter,2
4885,wrap,2
4886,behave,2
4887,timing,2
4888,swag,2
4889,flashlight,2
4890,loooooong,2
4891,thaw,2
4892,grp,2
4893,brush,2
4894,horribleservice,2
4895,bttr,2
4896,gracious,2
4897,suspect,2
4898,addresses,2
4899,breakdown,2
4900,permission,2
4901,phrps,2
4902,trains,2
4903,incur,2
4904,que,2
4905,operators,2
4906,untz,2
4907,hometown,2
4908,fairly,2
4909,embarrassment,2
4910,purchasing,2
4911,sooo,2
4912,upload,2
4913,perth,2
4914,oc,2
4915,hannah,2
4916,surgeries,2
4917,requiresshe,2
4918,helppls,2
4919,donatert,2
4920,behalf,2
4921,relax,2
4922,nothanks,2
4923,greater,2
4924,princesshalf,2
4925,creates,2
4926,anxiety,2
4927,postcode,2
4928,relative,2
4929,goodflight,2
4930,alleviate,2
4931,unanticipated,2
4932,itd,2
4933,tld,2
4934,charm,2
4935,bora,2
4936,ky,2
4937,lex,2
4938,truebluelove,2
4939,dawn,2
4940,rear,2
4941,pages,2
4942,embassy,2
4943,suites,2
4944,offensive,2
4945,overhaul,2
4946,rare,2
4947,cancer,2
4948,rifle,2
4949,specifically,2
4950,concentrate,2
4951,horrific,2
4952,priced,2
4953,fewer,2
4954,jim,2
4955,mayweatherpacquiao,2
4956,praise,2
4957,ferry,2
4958,russia,2
4959,impression,2
4960,fate,2
4961,believing,2
4962,attendees,2
4963,leads,2
4964,mel,2
4965,sticker,2
4966,charles,2
4967,technology,2
4968,westjet,2
4969,corner,2
4970,seriousness,2
4971,excellence,2
4972,hail,2
4973,establish,2
4974,maine,2
4975,became,2
4976,challenge,2
4977,carsl,2
4978,hoot,2
4979,doke,2
4980,hahaha,2
4981,managing,2
4982,delete,2
4983,durango,2
4984,celebrate,2
4985,avoided,2
4986,reeks,2
4987,vomit,2
